
-- Hệ thống quản lý thư viện LibMan
-- Đề 05 - B21DCCN678

CREATE DATABASE IF NOT EXISTS libman;
USE libman;

-- Bảng User (Thành viên)
CREATE TABLE IF NOT EXISTS tblUser
(
    id       INT PRIMARY KEY AUTO_INCREMENT,
    name     VARCHAR(255)        NOT NULL,
    username VARCHAR(255) UNIQUE NOT NULL,
    password VARCHAR(255)        NOT NULL,
    birth    DATE,
    phone    VARCHAR(20)
);

-- Bảng Reader (Bạn đọc)
CREATE TABLE IF NOT EXISTS tblReader
(
    readerId  INT PRIMARY KEY AUTO_INCREMENT,
    tblUserId INT NOT NULL,
    FOREIGN KEY (tblUserId) REFERENCES tblUser (id)
);

-- Bảng Staff (Nhân viên)
CREATE TABLE IF NOT EXISTS tblStaff
(
    staffId   INT PRIMARY KEY AUTO_INCREMENT,
    role      VARCHAR(255) NOT NULL,
    tblUserId INT          NOT NULL,
    FOREIGN KEY (tblUserId) REFERENCES tblUser (id)
);

-- Bảng Reader Card (Thẻ bạn đọc)
CREATE TABLE IF NOT EXISTS tblReaderCard
(
    readerCardId      INT PRIMARY KEY AUTO_INCREMENT,
    expDate           DATE NOT NULL,
    tblReaderReaderId INT  NOT NULL,
    FOREIGN KEY (tblReaderReaderId) REFERENCES tblReader (readerId)
);

-- Bảng Document (Tài liệu)
CREATE TABLE IF NOT EXISTS tblDocument
(
    documentId INT PRIMARY KEY AUTO_INCREMENT,
    name       VARCHAR(255) NOT NULL,
    author     VARCHAR(255),
    supplier   VARCHAR(255),
    status     VARCHAR(50) DEFAULT 'Còn sẵn'
);

-- Bảng Supplier (Nhà cung cấp)
CREATE TABLE IF NOT EXISTS tblSupplier
(
    supplierId INT PRIMARY KEY AUTO_INCREMENT,
    name       VARCHAR(255) NOT NULL,
    phone      VARCHAR(20),
    address    VARCHAR(255)
);

-- Bảng Loan Slip (Phiếu mượn)
CREATE TABLE IF NOT EXISTS tblLoanSlip
(
    loanId            INT PRIMARY KEY AUTO_INCREMENT,
    loanDate          DATE NOT NULL,
    returnDate        DATE NOT NULL,
    tblReaderReaderId INT  NOT NULL,
    tblStaffStaffId   INT  NOT NULL,
    FOREIGN KEY (tblReaderReaderId) REFERENCES tblReader (readerId),
    FOREIGN KEY (tblStaffStaffId) REFERENCES tblStaff (staffId)
);

-- Bảng Loan Detail (Chi tiết phiếu mượn)
CREATE TABLE IF NOT EXISTS tblLoanDetail
(
    id                    INT PRIMARY KEY AUTO_INCREMENT,
    tblLoanSlipLoanId     INT NOT NULL,
    tblDocumentDocumentId INT NOT NULL,
    FOREIGN KEY (tblLoanSlipLoanId) REFERENCES tblLoanSlip (loanId),
    FOREIGN KEY (tblDocumentDocumentId) REFERENCES tblDocument (documentId)
);

-- Bảng Return Slip (Phiếu trả)
CREATE TABLE IF NOT EXISTS tblReturnSlip
(
    returnSlipId      INT PRIMARY KEY AUTO_INCREMENT,
    returnDate        DATE NOT NULL,
    tblReaderReaderId INT  NOT NULL,
    tblStaffStaffId   INT  NOT NULL,
    FOREIGN KEY (tblReaderReaderId) REFERENCES tblReader (readerId),
    FOREIGN KEY (tblStaffStaffId) REFERENCES tblStaff (staffId)
);

-- Bảng Return Slip Detail (Chi tiết phiếu trả)
CREATE TABLE IF NOT EXISTS tblReturnSlipDetail
(
    id                        INT PRIMARY KEY AUTO_INCREMENT,
    tblReturnSlipReturnSlipId INT NOT NULL,
    tblDocumentDocumentId     INT NOT NULL,
    FOREIGN KEY (tblReturnSlipReturnSlipId) REFERENCES tblReturnSlip (returnSlipId),
    FOREIGN KEY (tblDocumentDocumentId) REFERENCES tblDocument (documentId)
);

-- Bảng Invoice (Hóa đơn)
CREATE TABLE IF NOT EXISTS tblInvoice
(
    invoiceId             INT PRIMARY KEY AUTO_INCREMENT,
    amount                FLOAT NOT NULL,
    importDate            DATE  NOT NULL,
    tblStaffStaffId       INT   NOT NULL,
    tblSupplierSupplierId INT   NOT NULL,
    FOREIGN KEY (tblStaffStaffId) REFERENCES tblStaff (staffId),
    FOREIGN KEY (tblSupplierSupplierId) REFERENCES tblSupplier (supplierId)
);

-- Bảng Invoice Detail (Chi tiết hóa đơn)
CREATE TABLE IF NOT EXISTS tblInvoiceDetail
(
    id                    INT PRIMARY KEY AUTO_INCREMENT,
    tblInvoiceInvoiceId   INT NOT NULL,
    tblDocumentDocumentId INT NOT NULL,
    FOREIGN KEY (tblInvoiceInvoiceId) REFERENCES tblInvoice (invoiceId),
    FOREIGN KEY (tblDocumentDocumentId) REFERENCES tblDocument (documentId)
);

-- Clean existing data (optional safety for repeatable runs)
SET FOREIGN_KEY_CHECKS = 0;
TRUNCATE TABLE tblInvoiceDetail;
TRUNCATE TABLE tblInvoice;
TRUNCATE TABLE tblReturnSlipDetail;
TRUNCATE TABLE tblReturnSlip;
TRUNCATE TABLE tblLoanDetail;
TRUNCATE TABLE tblLoanSlip;
TRUNCATE TABLE tblSupplier;
TRUNCATE TABLE tblDocument;
TRUNCATE TABLE tblReaderCard;
TRUNCATE TABLE tblStaff;
TRUNCATE TABLE tblReader;
TRUNCATE TABLE tblUser;
SET FOREIGN_KEY_CHECKS = 1;


-- Insert dữ liệu mẫu

-- User (Thành viên)
INSERT INTO tblUser (name, username, password, birth, phone)
VALUES ('Trần Văn A', 'readerA', '123456', '2000-01-15', '0123456789'),
       ('Nguyễn Thị B', 'readerB', '123456', '1999-05-20', '0987654321'),
       ('Lê Văn C', 'readerC', '123456', '2001-03-10', '0912345678'),
       ('DC Ming', 'staffE', '123456', '1990-07-25', '0345678901'),
       ('Phạm Thị F', 'managerF', '123456', '1985-12-05', '0456789012');

-- Reader (Bạn đọc)
INSERT INTO tblReader (tblUserId)
VALUES (1),
       (2),
       (3);

-- Staff (Nhân viên)
INSERT INTO tblStaff (role, tblUserId)
VALUES ('Library Staff', 4),
       ('Manager', 5);

-- Reader Card (Thẻ bạn đọc)
INSERT INTO tblReaderCard (expDate, tblReaderReaderId)
VALUES ('2025-12-31', 1),
       ('2025-12-31', 2),
       ('2025-12-31', 3);

-- Document (Tài liệu)
INSERT INTO tblDocument (name, author, supplier, status)
VALUES ('Toán rời rạc 1', 'ABCD', 'Nhà sách ABC', 'Còn sẵn'),
       ('Toán rời rạc 2', 'Nguyễn Văn D', 'Nhà sách ABC', 'Đang được mượn'),
       ('Toán cao cấp', 'ABC', 'XYZ', 'Còn sẵn'),
       ('Cấu trúc dữ liệu', 'Trần Văn X', 'Nhà sách XYZ', 'Còn sẵn'),
       ('Lập trình Java', 'Hoàng Anh B', 'Nhà sách XYZ', 'Còn sẵn');

-- Supplier (Nhà cung cấp)
INSERT INTO tblSupplier (name, phone, address)
VALUES ('Nhà sách ABC', '0211234567', 'Hà Nội'),
       ('Nhà sách XYZ', '0287654321', 'TP.HCM');

-- Loan Slip (Phiếu mượn)
INSERT INTO tblLoanSlip (loanDate, returnDate, tblReaderReaderId, tblStaffStaffId)
VALUES ('2024-09-15', '2024-09-30', 3, 1),
       ('2024-09-20', '2024-10-05', 3, 1),
       ('2024-09-25', '2024-10-10', 3, 1),
       ('2024-08-10', '2024-08-25', 1, 1),
       ('2024-08-15', '2024-08-30', 1, 1),
       ('2024-07-20', '2024-08-05', 2, 1),
       ('2024-07-25', '2024-08-10', 2, 1),
       ('2024-06-30', '2024-07-15', 2, 1);

-- Loan Detail (Chi tiết phiếu mượn)
INSERT INTO tblLoanDetail (tblLoanSlipLoanId, tblDocumentDocumentId)
VALUES (1, 1),
       (1, 2),
       (2, 3),
       (3, 4),
       (4, 1),
       (4, 3),
       (5, 2),
       (5, 4),
       (5, 5),
       (6, 1),
       (6, 3),
       (7, 2),
       (8, 5);

-- Return Slip (Phiếu trả)
INSERT INTO tblReturnSlip (returnDate, tblReaderReaderId, tblStaffStaffId)
VALUES ('2024-08-24', 1, 1),
       ('2024-07-30', 2, 1);

-- Return Slip Detail (Chi tiết phiếu trả)
INSERT INTO tblReturnSlipDetail (tblReturnSlipReturnSlipId, tblDocumentDocumentId)
VALUES (1, 1),
       (1, 3),
       (2, 1);

-- Invoice (Hóa đơn)
INSERT INTO tblInvoice (amount, importDate, tblStaffStaffId, tblSupplierSupplierId)
VALUES (5000000, '2024-01-15', 1, 1),
       (3000000, '2024-02-20', 1, 2);

-- Invoice Detail (Chi tiết hóa đơn)
INSERT INTO tblInvoiceDetail (tblInvoiceInvoiceId, tblDocumentDocumentId)
VALUES (1, 1),
       (1, 2),
       (1, 3),
       (2, 4),
       (2, 5);


-- Users (bổ sung)
INSERT INTO tblUser (name, username, password, birth, phone)
VALUES 
('Nguyễn Văn H', 'readerH', '123456', '2002-09-10', '0901111222'),
('Trần Thị I', 'readerI', '123456', '2003-06-12', '0903333444'),
('Phạm Văn K', 'readerK', '123456', '2001-04-03', '0905555666'),
('Lê Minh L', 'staffL', '123456', '1992-02-20', '0911222333'),
('Trịnh Hồng M', 'managerM', '123456', '1988-11-15', '0911444555');

-- Reader (bổ sung) -> map sang user 6,7,8
INSERT INTO tblReader (tblUserId) VALUES (6), (7), (8);

-- Staff (bổ sung) -> map user 9,10
INSERT INTO tblStaff (role, tblUserId) VALUES ('Library Staff', 9), ('Manager', 10);

-- Reader Card (bổ sung) cho readerId 4..6
INSERT INTO tblReaderCard (expDate, tblReaderReaderId)
VALUES ('2026-12-31', 4), ('2026-12-31', 5), ('2026-12-31', 6);

-- Document (bổ sung, +9 rows để lên 14)
INSERT INTO tblDocument (name, author, supplier, status)
VALUES 
('Cơ sở dữ liệu', 'Phan Tuấn Dũng', 'Nhà sách ABC', 'Còn sẵn'),
('Trí tuệ nhân tạo cơ bản', 'Nguyễn Thị Lan', 'Nhà sách XYZ', 'Đang được mượn'),
('Học máy nâng cao', 'Hoàng Minh Phúc', 'Nhà sách DEF', 'Còn sẵn'),
('Phân tích dữ liệu với Python', 'Trần Quốc Bảo', 'Nhà sách ABC', 'Còn sẵn'),
('Hệ điều hành Linux', 'Lê Trung Tín', 'Nhà sách DEF', 'Đang được mượn'),
('Mạng máy tính', 'Nguyễn Văn Long', 'Nhà sách XYZ', 'Còn sẵn'),
('Công nghệ phần mềm', 'Đinh Nhật Tân', 'Nhà sách ABC', 'Còn sẵn'),
('Kỹ thuật lập trình C++', 'Bùi Thanh Hùng', 'Nhà sách XYZ', 'Còn sẵn'),
('Phân tích thiết kế hệ thống', 'Trần Hữu Nghị', 'Nhà xuất bản Giáo Dục', 'Còn sẵn');

-- Supplier (bổ sung 3 hàng)
INSERT INTO tblSupplier (name, phone, address)
VALUES 
('Nhà sách DEF', '0299988776', 'Đà Nẵng'),
('Nhà sách GHI', '0277333444', 'Cần Thơ'),
('Nhà xuất bản Giáo Dục', '0222567890', 'Hà Nội');

-- Loan Slip (bổ sung 6 hàng, ids dự kiến 9..14)
INSERT INTO tblLoanSlip (loanDate, returnDate, tblReaderReaderId, tblStaffStaffId)
VALUES 
('2024-10-05', '2024-10-20', 4, 3),
('2024-10-10', '2024-10-25', 5, 3),
('2024-09-01', '2024-09-15', 6, 3),
('2024-09-05', '2024-09-20', 4, 3),
('2024-08-01', '2024-08-15', 5, 3),
('2024-07-10', '2024-07-25', 6, 3);

-- Loan Detail (bổ sung)
INSERT INTO tblLoanDetail (tblLoanSlipLoanId, tblDocumentDocumentId)
VALUES 
(9, 6),
(9, 7),
(10, 8),
(10, 9),
(11, 10),
(12, 11),
(12, 12),
(13, 13),
(13, 14);

-- Return Slip (bổ sung)
INSERT INTO tblReturnSlip (returnDate, tblReaderReaderId, tblStaffStaffId)
VALUES 
('2024-09-20', 4, 3),
('2024-09-25', 5, 3),
('2024-08-16', 6, 3);

-- Return Slip Detail (bổ sung)
INSERT INTO tblReturnSlipDetail (tblReturnSlipReturnSlipId, tblDocumentDocumentId)
VALUES 
(3, 6),
(3, 7),
(4, 8),
(5, 9);

-- Invoice (bổ sung)
INSERT INTO tblInvoice (amount, importDate, tblStaffStaffId, tblSupplierSupplierId)
VALUES 
(7000000, '2024-03-15', 3, 3),
(4500000, '2024-05-01', 3, 2),
(6000000, '2024-07-10', 3, 4);

-- Invoice Detail (bổ sung)
INSERT INTO tblInvoiceDetail (tblInvoiceInvoiceId, tblDocumentDocumentId)
VALUES 
(3, 6),
(3, 7),
(3, 8),
(4, 9),
(4, 10),
(5, 11),
(5, 12),
(5, 13),
(5, 14);

-- ===== BULK DATA =====
-- Users (bulk)
INSERT INTO tblUser (name, username, password, birth, phone)
VALUES
('Ngô Dũng A', 'user011', '123456', '2013-04-06', '0433218196'),
('Nguyễn An A', 'user012', '123456', '1989-10-22', '0389083863'),
('Bùi Thảo C', 'user013', '123456', '2016-04-22', '0026542351'),
('Trần Nam A', 'user014', '123456', '1996-02-07', '0594078161'),
('Đỗ Lan G', 'user015', '123456', '2008-03-13', '0959310341'),
('Trương Hùng G', 'user016', '123456', '1984-07-12', '0647525534'),
('Dương Vi F', 'user017', '123456', '1983-03-15', '0928327648'),
('Phạm Vi C', 'user018', '123456', '2017-10-22', '0030564139'),
('Dương Linh B', 'user019', '123456', '2009-05-26', '0767242388'),
('Hoàng Thảo D', 'user020', '123456', '2020-04-09', '0965328710'),
('Trương Dũng B', 'user021', '123456', '2008-02-23', '0269166978'),
('Hoàng Sơn G', 'user022', '123456', '1980-07-07', '0184514627'),
('Nguyễn Khánh E', 'user023', '123456', '2014-03-06', '0281489325'),
('Lý Hải E', 'user024', '123456', '2014-12-05', '0809570154'),
('Phạm Bình B', 'user025', '123456', '2019-05-21', '0911718227'),
('Đỗ Hải C', 'user026', '123456', '2003-09-02', '0963834657'),
('Đỗ Phương A', 'user027', '123456', '1991-02-13', '0315098393'),
('Nguyễn Chi F', 'user028', '123456', '2008-04-22', '0031051834'),
('Ngô Quân B', 'user029', '123456', '2004-03-09', '0299737631'),
('Trần Vi D', 'user030', '123456', '1995-11-22', '0667010651'),
('Phạm Hòa B', 'user031', '123456', '2004-01-21', '0726247317'),
('Lý Sơn A', 'user032', '123456', '1982-04-08', '0801326773'),
('Trương Nam A', 'user033', '123456', '1987-05-21', '0606474687'),
('Lê Hòa C', 'user034', '123456', '1989-10-06', '0098050097'),
('Đỗ Quyên B', 'user035', '123456', '1982-07-20', '0812191361'),
('Hồ Hùng E', 'user036', '123456', '2006-09-01', '0091699854'),
('Phạm Vi F', 'user037', '123456', '1994-02-03', '0346247510'),
('Bùi Trang E', 'user038', '123456', '1984-06-26', '0183842513'),
('Võ Lan B', 'user039', '123456', '1999-08-28', '0849808412'),
('Hoàng Dũng A', 'user040', '123456', '2013-04-20', '0824493534'),
('Đỗ Quân C', 'user041', '123456', '2020-08-11', '0016400524'),
('Lê Phương E', 'user042', '123456', '2011-08-27', '0680112805'),
('Hồ Sơn B', 'user043', '123456', '1999-04-12', '0204505331'),
('Võ Sơn G', 'user044', '123456', '1998-03-25', '0923226025'),
('Lý Nhung G', 'user045', '123456', '2010-01-18', '0342160733'),
('Trương Phương C', 'user046', '123456', '1993-09-09', '0330365414'),
('Võ Tú E', 'user047', '123456', '1997-12-05', '0850142940'),
('Trần Trang D', 'user048', '123456', '1995-07-04', '0569816934'),
('Nguyễn Vy D', 'user049', '123456', '1980-01-28', '0883561595'),
('Ngô Dũng F', 'user050', '123456', '2020-05-16', '0484656482'),
('Phạm Nhung F', 'user051', '123456', '1997-01-02', '0299468044'),
('Phạm Nhung G', 'user052', '123456', '2006-01-06', '0957773872'),
('Ngô Chi C', 'user053', '123456', '2003-02-14', '0951343320'),
('Nguyễn Hùng D', 'user054', '123456', '2007-06-03', '0176936763'),
('Lê Tú F', 'user055', '123456', '1980-03-31', '0163287083'),
('Trương Dũng D', 'user056', '123456', '1985-12-24', '0788957986'),
('Trương Sơn D', 'user057', '123456', '2020-03-30', '0277434873'),
('Hoàng Phương A', 'user058', '123456', '2012-01-03', '0434558122'),
('Phạm Nam F', 'user059', '123456', '1986-11-08', '0316658760'),
('Phạm Nhung D', 'user060', '123456', '2020-08-02', '0909670546'),
('Trương Nhung E', 'user061', '123456', '2013-07-13', '0893734670'),
('Đặng Linh F', 'user062', '123456', '2010-06-19', '0627298069'),
('Hồ Vi A', 'user063', '123456', '1983-10-07', '0627204653'),
('Bùi Linh C', 'user064', '123456', '2014-02-22', '0646417080'),
('Võ Hùng F', 'user065', '123456', '1983-01-29', '0003309232'),
('Bùi Vi A', 'user066', '123456', '2005-04-19', '0374529912'),
('Hoàng Dũng E', 'user067', '123456', '1981-02-24', '0496631931'),
('Dương Lan G', 'user068', '123456', '2010-09-10', '0919058651'),
('Đỗ Tú C', 'user069', '123456', '1980-07-26', '0671657262'),
('Dương Quyên F', 'user070', '123456', '1992-02-12', '0987769453'),
('Trương Chi C', 'user071', '123456', '2019-07-19', '0737996507'),
('Trương Linh B', 'user072', '123456', '2001-11-14', '0354549480'),
('Đỗ Hòa A', 'user073', '123456', '1990-10-29', '0678377701'),
('Hoàng Hùng D', 'user074', '123456', '2011-01-12', '0349578856'),
('Dương Sơn C', 'user075', '123456', '1995-10-13', '0744431351'),
('Dương Sơn G', 'user076', '123456', '2010-12-16', '0233749894'),
('Trần Hòa C', 'user077', '123456', '1990-03-16', '0524082400'),
('Đỗ Lan F', 'user078', '123456', '1985-08-30', '0710947775'),
('Lê Bình C', 'user079', '123456', '2018-08-27', '0711671902'),
('Lê Thảo C', 'user080', '123456', '1983-10-27', '0318699938'),
('Đặng Phương D', 'user081', '123456', '1993-05-03', '0964990913'),
('Ngô Hòa C', 'user082', '123456', '2009-08-16', '0123281206'),
('Bùi Vy E', 'user083', '123456', '2001-01-29', '0403447134'),
('Lý Tú E', 'user084', '123456', '2009-08-28', '0361832421'),
('Nguyễn Hải G', 'user085', '123456', '1993-10-18', '0994717464'),
('Đỗ Sơn D', 'user086', '123456', '1999-08-21', '0190659401'),
('Phạm Vi G', 'user087', '123456', '2018-08-07', '0990490278'),
('Ngô Phương C', 'user088', '123456', '1988-02-21', '0967175655'),
('Ngô Dũng G', 'user089', '123456', '1987-03-19', '0567468071'),
('Võ Khánh C', 'user090', '123456', '1985-03-14', '0680876038'),
('Võ Trang G', 'user091', '123456', '2002-05-12', '0703482477'),
('Trần An F', 'user092', '123456', '2007-04-24', '0324808613'),
('Trương Dũng D', 'user093', '123456', '1985-04-08', '0274846773'),
('Bùi Sơn B', 'user094', '123456', '1997-03-16', '0398214658'),
('Hoàng An C', 'user095', '123456', '2012-07-26', '0499727875'),
('Võ Sơn G', 'user096', '123456', '2004-05-17', '0675339636'),
('Nguyễn Linh F', 'user097', '123456', '2001-03-20', '0662702895'),
('Trương Dũng G', 'user098', '123456', '2017-11-27', '0718702621'),
('Bùi Khánh C', 'user099', '123456', '2007-12-16', '0615865780'),
('Hồ Chi B', 'user100', '123456', '2008-04-23', '0431611724');

-- Readers (bulk)
INSERT INTO tblReader (tblUserId)
VALUES
(14),
(16),
(52),
(18),
(48),
(56),
(58),
(66),
(29),
(42),
(78),
(63),
(83),
(34),
(32),
(33),
(21),
(59),
(41),
(74),
(92),
(40),
(70),
(43),
(69),
(77),
(12),
(68),
(62),
(79),
(73),
(80),
(54),
(45),
(84),
(15),
(39),
(85),
(96),
(30),
(51),
(38),
(55),
(27),
(71),
(61),
(23),
(35),
(82),
(17),
(26),
(53),
(47),
(89),
(76),
(46),
(81),
(36),
(28),
(11);

-- Staff (bulk)
INSERT INTO tblStaff (role, tblUserId)
VALUES
('Library Staff', 86),
('Library Staff', 98),
('Manager', 90),
('Library Staff', 94),
('Library Staff', 93),
('Library Staff', 19),
('Manager', 87),
('Manager', 67),
('Library Staff', 49),
('Manager', 37),
('Library Staff', 95),
('Library Staff', 57);

-- Reader Cards (bulk)
INSERT INTO tblReaderCard (expDate, tblReaderReaderId)
VALUES
('2027-12-31', 7),
('2027-12-31', 8),
('2027-12-31', 9),
('2027-12-31', 10),
('2027-12-31', 11),
('2027-12-31', 12),
('2027-12-31', 13),
('2027-12-31', 14),
('2027-12-31', 15),
('2027-12-31', 16),
('2027-12-31', 17),
('2027-12-31', 18),
('2027-12-31', 19),
('2027-12-31', 20),
('2027-12-31', 21),
('2027-12-31', 22),
('2027-12-31', 23),
('2027-12-31', 24),
('2027-12-31', 25),
('2027-12-31', 26),
('2027-12-31', 27),
('2027-12-31', 28),
('2027-12-31', 29),
('2027-12-31', 30),
('2027-12-31', 31),
('2027-12-31', 32),
('2027-12-31', 33),
('2027-12-31', 34),
('2027-12-31', 35),
('2027-12-31', 36),
('2027-12-31', 37),
('2027-12-31', 38),
('2027-12-31', 39),
('2027-12-31', 40),
('2027-12-31', 41),
('2027-12-31', 42),
('2027-12-31', 43),
('2027-12-31', 44),
('2027-12-31', 45),
('2027-12-31', 46),
('2027-12-31', 47),
('2027-12-31', 48),
('2027-12-31', 49),
('2027-12-31', 50),
('2027-12-31', 51),
('2027-12-31', 52),
('2027-12-31', 53),
('2027-12-31', 54),
('2027-12-31', 55),
('2027-12-31', 56),
('2027-12-31', 57),
('2027-12-31', 58),
('2027-12-31', 59),
('2027-12-31', 60),
('2027-12-31', 61),
('2027-12-31', 62),
('2027-12-31', 63),
('2027-12-31', 64),
('2027-12-31', 65),
('2027-12-31', 66);

-- Suppliers (bulk)
INSERT INTO tblSupplier (name, phone, address)
VALUES
('Nhà sách JKL', '0456232858', 'Hải Phòng'),
('Nhà sách MNO', '0424745171', 'TP.HCM'),
('Nhà sách PQR', '0368516048', 'Hà Nội'),
('Nhà sách STU', '0754965137', 'Hà Nội'),
('Nhà sách VWX', '0985931746', 'Hà Nội'),
('Nhà sách YZA', '0200471138', 'TP.HCM'),
('Nhà sách BCD', '0675869261', 'Nha Trang'),
('Nhà sách EFG', '0796405377', 'TP.HCM'),
('Nhà sách HIJ', '0515850643', 'Hà Nội'),
('Nhà sách KLM', '0713900532', 'Nha Trang');

-- Documents (bulk)
INSERT INTO tblDocument (name, author, supplier, status)
VALUES
('Phân tích AI 3', 'Trương Sơn B', 'Nhà sách YZA', 'Đang được mượn'),
('Toàn tập Hệ điều hành 5', 'Lý Trang A', 'Nhà sách JKL', 'Đang được mượn'),
('Nâng cao DL 6', 'Trần Vi G', 'Nhà sách ABC', 'Đang được mượn'),
('Nhập môn Mạng 8', 'Hồ Linh A', 'Nhà sách DEF', 'Hư hỏng'),
('Nhập môn SQL 14', 'Đỗ Dũng F', 'Nhà sách XYZ', 'Còn sẵn'),
('Bài tập Mạng 17', 'Hồ Dũng D', 'Nhà sách VWX', 'Đang được mượn'),
('Phân tích Java 17', 'Hoàng Phương F', 'Nhà sách ABC', 'Còn sẵn'),
('Bài tập Thuật toán 14', 'Ngô Dũng D', 'Nhà sách EFG', 'Còn sẵn'),
('Cơ bản C++ 11', 'Hồ Hạnh A', 'Nhà sách DEF', 'Hư hỏng'),
('Phân tích Hệ điều hành 13', 'Hồ Quyên C', 'Nhà sách STU', 'Còn sẵn'),
('Phân tích ETL 4', 'Lý Vy A', 'Nhà sách KLM', 'Còn sẵn'),
('Toàn tập ETL 15', 'Phạm Nhung C', 'Nhà sách KLM', 'Còn sẵn'),
('Ứng dụng ETL 4', 'Võ Nhung C', 'Nhà sách BCD', 'Hư hỏng'),
('Chuyên sâu SQL 16', 'Trần Chi G', 'Nhà sách XYZ', 'Còn sẵn'),
('Ứng dụng C# 12', 'Lý Hạnh E', 'Nhà sách ABC', 'Còn sẵn'),
('Kỹ thuật Hệ điều hành 4', 'Đặng Minh G', 'Nhà sách BCD', 'Còn sẵn'),
('Nhập môn Kỹ thuật số 20', 'Hoàng Minh A', 'Nhà sách YZA', 'Còn sẵn'),
('Toàn tập SQL 16', 'Phạm Dũng C', 'Nhà sách KLM', 'Còn sẵn'),
('Chuyên sâu C# 9', 'Hồ Hùng G', 'Nhà sách PQR', 'Còn sẵn'),
('Phân tích Python 20', 'Ngô Vy C', 'Nhà sách ABC', 'Đang được mượn'),
('Thực hành Kỹ thuật số 11', 'Võ An B', 'Nhà sách KLM', 'Đang được mượn'),
('Phân tích Thuật toán 3', 'Lê Tú A', 'Nhà sách XYZ', 'Còn sẵn'),
('Toàn tập Thuật toán 14', 'Bùi Linh B', 'Nhà sách MNO', 'Hư hỏng'),
('Chuyên sâu C++ 2', 'Lê Hải G', 'Nhà sách YZA', 'Còn sẵn'),
('Cơ bản DL 15', 'Ngô Nhung D', 'Nhà sách YZA', 'Còn sẵn'),
('Ứng dụng DL 7', 'Lý Quyên A', 'Nhà sách MNO', 'Còn sẵn'),
('Cơ bản Kỹ thuật số 19', 'Bùi Quyên F', 'Nhà sách JKL', 'Còn sẵn'),
('Toàn tập Thuật toán 20', 'Nguyễn An B', 'Nhà sách JKL', 'Đang được mượn'),
('Nâng cao DL 10', 'Võ Dũng A', 'Nhà sách STU', 'Còn sẵn'),
('Nâng cao SQL 13', 'Đỗ Vy B', 'Nhà sách VWX', 'Còn sẵn'),
('Chuyên sâu C++ 13', 'Trương Bình D', 'Nhà sách ABC', 'Còn sẵn'),
('Cơ bản Hệ điều hành 19', 'Đặng Thảo D', 'Nhà sách EFG', 'Còn sẵn'),
('Thực hành C# 13', 'Nguyễn Linh B', 'Nhà sách HIJ', 'Còn sẵn'),
('Bài tập Mạng 3', 'Đặng Dũng B', 'Nhà sách PQR', 'Còn sẵn'),
('Ứng dụng C++ 13', 'Trương Lan F', 'Nhà sách MNO', 'Đang được mượn'),
('Chuyên sâu NoSQL 3', 'Đỗ Tú A', 'Nhà sách VWX', 'Còn sẵn'),
('Toàn tập Mạng 12', 'Dương Tú G', 'Nhà sách DEF', 'Đang được mượn'),
('Cơ bản SQL 9', 'Phạm Hải E', 'Nhà sách DEF', 'Còn sẵn'),
('Nâng cao DevOps 15', 'Lý Thảo G', 'Nhà sách YZA', 'Còn sẵn'),
('Phân tích Hệ điều hành 11', 'Lê Phương A', 'Nhà sách STU', 'Còn sẵn'),
('Thực hành DL 19', 'Nguyễn Minh E', 'Nhà sách XYZ', 'Hư hỏng'),
('Bài tập Cloud 2', 'Nguyễn Minh G', 'Nhà sách JKL', 'Còn sẵn'),
('Cơ bản Thuật toán 15', 'Hồ Sơn G', 'Nhà sách EFG', 'Còn sẵn'),
('Bài tập AI 11', 'Hồ Quân E', 'Nhà sách DEF', 'Còn sẵn'),
('Bài tập C# 11', 'Dương Chi E', 'Nhà sách BCD', 'Đang được mượn'),
('Nhập môn ML 15', 'Bùi Quyên E', 'Nhà sách YZA', 'Đang được mượn'),
('Chuyên sâu Mạng 10', 'Đặng Nhung G', 'Nhà sách MNO', 'Còn sẵn'),
('Nhập môn Hệ điều hành 3', 'Võ Dũng E', 'Nhà sách BCD', 'Còn sẵn'),
('Thực hành DL 20', 'Trương Hạnh C', 'Nhà sách XYZ', 'Còn sẵn'),
('Nâng cao Mạng 10', 'Ngô Vy F', 'Nhà sách PQR', 'Đang được mượn'),
('Phân tích C++ 10', 'Đỗ Nam F', 'Nhà sách HIJ', 'Hư hỏng'),
('Nâng cao C++ 14', 'Đỗ Minh A', 'Nhà sách MNO', 'Hư hỏng'),
('Nâng cao AI 11', 'Lý Quân B', 'Nhà sách GHI', 'Đang được mượn'),
('Nâng cao C++ 10', 'Trương Dũng E', 'Nhà sách HIJ', 'Còn sẵn'),
('Kỹ thuật Java 11', 'Lý Trang B', 'Nhà sách YZA', 'Còn sẵn'),
('Nâng cao NoSQL 6', 'Trương Vy G', 'Nhà sách YZA', 'Đang được mượn'),
('Bài tập Java 14', 'Võ Vi F', 'Nhà sách GHI', 'Còn sẵn'),
('Phân tích Kỹ thuật số 15', 'Phạm Sơn B', 'Nhà sách JKL', 'Còn sẵn'),
('Toàn tập Mạng 19', 'Bùi Phương G', 'Nhà sách JKL', 'Còn sẵn'),
('Kỹ thuật ETL 6', 'Trương Hòa G', 'Nhà sách YZA', 'Đang được mượn'),
('Thực hành Java 16', 'Trương Minh E', 'Nhà sách XYZ', 'Còn sẵn'),
('Cơ bản Kỹ thuật số 3', 'Lý Hải C', 'Nhà sách STU', 'Còn sẵn'),
('Nâng cao ETL 3', 'Phạm Phương C', 'Nhà sách ABC', 'Còn sẵn'),
('Nhập môn Thuật toán 17', 'Võ Hùng D', 'Nhà sách XYZ', 'Hư hỏng'),
('Toàn tập Python 11', 'Trần Vy F', 'Nhà sách MNO', 'Đang được mượn'),
('Nâng cao Java 10', 'Trương Quân F', 'Nhà sách KLM', 'Đang được mượn'),
('Bài tập Cloud 20', 'Nguyễn Chi A', 'Nhà sách JKL', 'Đang được mượn'),
('Nâng cao ETL 4', 'Lý Lan B', 'Nhà sách JKL', 'Còn sẵn'),
('Nhập môn ML 14', 'Ngô Trang D', 'Nhà sách XYZ', 'Còn sẵn'),
('Bài tập Python 17', 'Hồ Hùng F', 'Nhà sách DEF', 'Hư hỏng'),
('Ứng dụng Python 20', 'Võ Hùng E', 'Nhà sách PQR', 'Đang được mượn'),
('Cơ bản Mạng 3', 'Đỗ Sơn E', 'Nhà sách HIJ', 'Còn sẵn'),
('Kỹ thuật Python 13', 'Trương Quân A', 'Nhà sách BCD', 'Còn sẵn'),
('Chuyên sâu DL 1', 'Võ Chi C', 'Nhà sách GHI', 'Còn sẵn'),
('Phân tích Hệ điều hành 5', 'Nguyễn Minh E', 'Nhà sách MNO', 'Đang được mượn'),
('Bài tập DevOps 6', 'Lý Hạnh A', 'Nhà sách EFG', 'Còn sẵn'),
('Nhập môn Kỹ thuật số 7', 'Nguyễn Hòa A', 'Nhà sách MNO', 'Hư hỏng'),
('Kỹ thuật Thuật toán 18', 'Bùi Khánh A', 'Nhà sách HIJ', 'Đang được mượn'),
('Thực hành Mạng 2', 'Trương Tú C', 'Nhà sách JKL', 'Còn sẵn'),
('Chuyên sâu ETL 13', 'Dương Phương D', 'Nhà sách MNO', 'Đang được mượn'),
('Bài tập DevOps 12', 'Lý Quyên C', 'Nhà sách HIJ', 'Còn sẵn'),
('Ứng dụng C++ 14', 'Hồ Hải E', 'Nhà sách JKL', 'Hư hỏng'),
('Cơ bản C++ 11', 'Ngô Lan C', 'Nhà sách STU', 'Còn sẵn'),
('Ứng dụng NoSQL 15', 'Võ Phương A', 'Nhà sách EFG', 'Hư hỏng'),
('Phân tích ETL 9', 'Ngô Bình A', 'Nhà sách BCD', 'Còn sẵn'),
('Chuyên sâu NoSQL 1', 'Lê Trang F', 'Nhà sách HIJ', 'Còn sẵn'),
('Nhập môn SQL 3', 'Phạm Tú C', 'Nhà sách MNO', 'Còn sẵn'),
('Phân tích Java 20', 'Lê Vi D', 'Nhà sách MNO', 'Hư hỏng'),
('Bài tập C++ 19', 'Lê Quyên C', 'Nhà sách PQR', 'Hư hỏng'),
('Thực hành ML 4', 'Nguyễn Hải D', 'Nhà sách VWX', 'Còn sẵn'),
('Kỹ thuật C# 9', 'Lý Khánh F', 'Nhà sách STU', 'Đang được mượn'),
('Phân tích Kỹ thuật số 16', 'Phạm Dũng B', 'Nhà sách KLM', 'Còn sẵn'),
('Bài tập NoSQL 15', 'Trần Vi G', 'Nhà sách MNO', 'Hư hỏng'),
('Cơ bản Kỹ thuật số 10', 'Trương Hải F', 'Nhà sách EFG', 'Đang được mượn'),
('Chuyên sâu ML 4', 'Phạm Hạnh B', 'Nhà sách HIJ', 'Còn sẵn'),
('Nhập môn Mạng 18', 'Hồ Minh D', 'Nhà sách HIJ', 'Còn sẵn'),
('Nâng cao C++ 3', 'Hoàng Nam F', 'Nhà sách EFG', 'Còn sẵn'),
('Kỹ thuật ETL 14', 'Trương Thảo A', 'Nhà sách DEF', 'Hư hỏng'),
('Cơ bản Cloud 15', 'Ngô Quyên C', 'Nhà sách DEF', 'Còn sẵn'),
('Phân tích NoSQL 5', 'Đặng Quyên G', 'Nhà sách ABC', 'Còn sẵn'),
('Kỹ thuật SQL 10', 'Lê Hải C', 'Nhà sách EFG', 'Đang được mượn'),
('Chuyên sâu Kỹ thuật số 3', 'Hoàng Hòa F', 'Nhà sách VWX', 'Hư hỏng'),
('Nâng cao Kỹ thuật số 20', 'Đỗ Chi E', 'Nhà sách BCD', 'Đang được mượn'),
('Phân tích SQL 6', 'Ngô Trang F', 'Nhà sách YZA', 'Hư hỏng'),
('Phân tích Java 1', 'Trần Bình F', 'Nhà sách HIJ', 'Còn sẵn'),
('Thực hành AI 19', 'Đặng Trang F', 'Nhà sách ABC', 'Còn sẵn'),
('Kỹ thuật Kỹ thuật số 10', 'Bùi Hùng G', 'Nhà sách HIJ', 'Còn sẵn'),
('Thực hành Cloud 3', 'Dương Bình B', 'Nhà sách STU', 'Còn sẵn'),
('Bài tập Cloud 7', 'Võ Trang B', 'Nhà sách MNO', 'Hư hỏng'),
('Chuyên sâu Thuật toán 5', 'Lý Minh E', 'Nhà sách VWX', 'Còn sẵn'),
('Chuyên sâu ML 15', 'Trần Khánh D', 'Nhà sách GHI', 'Đang được mượn'),
('Cơ bản Java 10', 'Đặng Trang D', 'Nhà sách GHI', 'Đang được mượn'),
('Chuyên sâu Hệ điều hành 7', 'Lý Hải D', 'Nhà sách VWX', 'Còn sẵn'),
('Bài tập Kỹ thuật số 16', 'Nguyễn Chi D', 'Nhà sách VWX', 'Còn sẵn'),
('Toàn tập AI 19', 'Võ Bình A', 'Nhà sách JKL', 'Còn sẵn'),
('Phân tích DevOps 10', 'Đỗ An G', 'Nhà sách XYZ', 'Còn sẵn'),
('Nâng cao DL 12', 'Lý Nam C', 'Nhà sách ABC', 'Còn sẵn'),
('Nhập môn AI 12', 'Đỗ Lan A', 'Nhà sách PQR', 'Còn sẵn'),
('Bài tập DL 20', 'Ngô Trang A', 'Nhà sách DEF', 'Còn sẵn'),
('Ứng dụng Mạng 11', 'Đỗ Minh G', 'Nhà sách DEF', 'Đang được mượn');

-- Loan Slips (bulk)
INSERT INTO tblLoanSlip (loanDate, returnDate, tblReaderReaderId, tblStaffStaffId)
VALUES
('2025-09-08', '2025-09-23', 52, 2),
('2024-02-16', '2024-02-23', 18, 11),
('2025-04-30', '2025-05-15', 59, 5),
('2025-09-12', '2025-10-03', 66, 5),
('2024-12-01', '2024-12-22', 41, 6),
('2025-02-06', '2025-02-22', 39, 11),
('2025-06-03', '2025-06-23', 66, 16),
('2025-07-30', '2025-08-10', 61, 1),
('2025-01-12', '2025-01-24', 15, 14),
('2025-08-20', '2025-08-31', 4, 16),
('2024-09-28', '2024-10-15', 30, 2),
('2025-08-20', '2025-09-03', 22, 13),
('2024-05-31', '2024-06-20', 32, 2),
('2025-08-09', '2025-08-27', 15, 7),
('2024-01-20', '2024-02-03', 41, 14),
('2024-06-04', '2024-06-17', 27, 14),
('2025-05-28', '2025-06-16', 61, 2),
('2024-05-21', '2024-06-05', 27, 11),
('2025-05-04', '2025-05-19', 49, 11),
('2024-06-26', '2024-07-10', 44, 12),
('2024-09-27', '2024-10-13', 62, 7),
('2024-09-09', '2024-09-20', 39, 8),
('2024-10-31', '2024-11-19', 37, 7),
('2025-05-15', '2025-05-27', 62, 12),
('2025-07-27', '2025-08-17', 36, 10),
('2024-05-04', '2024-05-20', 49, 13),
('2024-12-19', '2025-01-07', 19, 10),
('2024-02-13', '2024-02-24', 11, 12),
('2025-03-28', '2025-04-14', 33, 16),
('2024-08-07', '2024-08-17', 35, 9),
('2024-05-20', '2024-05-28', 31, 8),
('2024-02-21', '2024-03-09', 29, 8),
('2024-02-23', '2024-03-02', 53, 11),
('2025-04-28', '2025-05-06', 18, 1),
('2025-07-17', '2025-08-07', 21, 14),
('2025-05-02', '2025-05-16', 26, 10),
('2024-11-24', '2024-12-05', 8, 3),
('2025-08-10', '2025-08-20', 5, 6),
('2025-03-03', '2025-03-24', 23, 2),
('2025-02-10', '2025-03-01', 64, 6),
('2024-10-23', '2024-11-13', 5, 1),
('2024-11-01', '2024-11-17', 14, 11),
('2024-10-18', '2024-11-01', 64, 5),
('2025-05-31', '2025-06-14', 35, 7),
('2024-04-25', '2024-05-07', 21, 15),
('2024-09-20', '2024-10-08', 24, 1),
('2024-12-11', '2024-12-30', 38, 7),
('2024-06-28', '2024-07-14', 52, 14),
('2025-06-11', '2025-06-23', 12, 13),
('2024-04-07', '2024-04-16', 18, 16),
('2024-11-27', '2024-12-18', 32, 1),
('2024-09-24', '2024-10-07', 31, 15),
('2024-09-30', '2024-10-12', 39, 1),
('2024-09-24', '2024-10-11', 47, 8),
('2024-03-04', '2024-03-21', 16, 15),
('2024-11-10', '2024-11-19', 52, 10),
('2024-04-30', '2024-05-17', 38, 12),
('2025-09-21', '2025-10-01', 29, 5),
('2025-05-04', '2025-05-13', 59, 12),
('2025-03-01', '2025-03-19', 61, 7),
('2024-09-10', '2024-09-27', 11, 15),
('2025-06-24', '2025-07-12', 47, 3),
('2025-07-31', '2025-08-08', 8, 7),
('2025-08-09', '2025-08-24', 20, 6),
('2024-12-01', '2024-12-21', 57, 4),
('2024-07-29', '2024-08-16', 63, 3),
('2025-06-06', '2025-06-20', 8, 15),
('2024-05-15', '2024-05-30', 54, 15),
('2025-07-31', '2025-08-07', 60, 10),
('2024-01-23', '2024-02-05', 33, 1),
('2024-08-11', '2024-08-27', 10, 2),
('2025-03-09', '2025-03-21', 9, 2),
('2024-03-11', '2024-04-01', 61, 2),
('2024-10-20', '2024-11-02', 24, 5),
('2025-03-06', '2025-03-18', 49, 15),
('2025-01-21', '2025-02-03', 11, 5),
('2024-12-22', '2024-12-30', 23, 13),
('2025-06-25', '2025-07-04', 29, 1),
('2024-01-24', '2024-02-04', 60, 14),
('2025-06-28', '2025-07-11', 30, 8),
('2025-04-16', '2025-04-28', 20, 9),
('2024-07-12', '2024-08-02', 15, 2),
('2025-03-05', '2025-03-21', 3, 8),
('2024-07-30', '2024-08-07', 13, 2),
('2025-04-02', '2025-04-18', 7, 8),
('2024-02-15', '2024-02-28', 57, 8),
('2025-07-06', '2025-07-16', 8, 5),
('2025-05-30', '2025-06-10', 30, 11),
('2025-08-14', '2025-08-30', 42, 8),
('2024-11-05', '2024-11-26', 19, 8),
('2025-02-27', '2025-03-10', 36, 2),
('2025-07-24', '2025-08-09', 23, 14),
('2025-07-23', '2025-08-06', 7, 12),
('2025-01-25', '2025-02-13', 41, 14),
('2025-02-22', '2025-03-03', 39, 13),
('2024-07-07', '2024-07-26', 61, 8),
('2024-08-18', '2024-08-29', 19, 15),
('2024-02-29', '2024-03-15', 53, 14),
('2025-07-24', '2025-08-08', 18, 13),
('2024-09-05', '2024-09-16', 27, 11),
('2024-03-21', '2024-04-11', 58, 12),
('2024-04-04', '2024-04-19', 25, 2),
('2024-10-01', '2024-10-14', 6, 3),
('2024-07-11', '2024-07-30', 28, 16),
('2024-08-01', '2024-08-21', 43, 10),
('2024-01-16', '2024-01-26', 25, 4),
('2025-05-05', '2025-05-26', 32, 7),
('2025-02-10', '2025-03-03', 31, 11),
('2024-10-16', '2024-10-29', 60, 12),
('2024-11-11', '2024-11-22', 47, 16),
('2025-04-22', '2025-04-30', 61, 11),
('2024-07-27', '2024-08-08', 41, 14),
('2024-02-16', '2024-03-03', 29, 5),
('2024-01-17', '2024-01-28', 54, 10),
('2024-06-05', '2024-06-15', 43, 8),
('2025-01-23', '2025-02-08', 32, 16),
('2025-07-17', '2025-08-03', 44, 9),
('2025-05-15', '2025-06-02', 63, 15),
('2024-06-21', '2024-07-09', 46, 6),
('2024-05-23', '2024-06-10', 63, 6),
('2025-07-09', '2025-07-26', 8, 2),
('2024-03-17', '2024-04-06', 7, 1),
('2025-02-26', '2025-03-07', 30, 3),
('2024-06-03', '2024-06-10', 28, 15),
('2025-01-17', '2025-01-24', 62, 16),
('2024-01-17', '2024-01-24', 53, 1),
('2024-01-18', '2024-02-02', 36, 10),
('2024-01-18', '2024-02-02', 56, 6),
('2024-04-19', '2024-05-10', 13, 5),
('2024-09-03', '2024-09-13', 33, 12),
('2024-09-30', '2024-10-19', 51, 3),
('2025-01-17', '2025-01-30', 59, 8),
('2024-08-19', '2024-08-30', 11, 2),
('2024-04-05', '2024-04-18', 49, 13),
('2025-07-19', '2025-08-02', 8, 1),
('2024-06-24', '2024-07-02', 64, 14),
('2024-12-05', '2024-12-21', 13, 2),
('2024-08-23', '2024-09-02', 61, 9),
('2024-02-17', '2024-03-09', 10, 9),
('2025-07-10', '2025-07-26', 5, 6),
('2024-11-18', '2024-11-25', 27, 5),
('2025-02-11', '2025-03-04', 10, 10),
('2024-06-15', '2024-07-01', 31, 13),
('2025-07-07', '2025-07-19', 50, 5),
('2024-03-21', '2024-04-05', 45, 2),
('2024-04-10', '2024-04-23', 30, 3),
('2024-12-14', '2024-12-30', 51, 11),
('2024-01-31', '2024-02-17', 35, 15),
('2025-05-17', '2025-05-27', 46, 13),
('2025-03-18', '2025-03-27', 49, 3),
('2025-09-25', '2025-10-06', 32, 3),
('2024-03-25', '2024-04-05', 20, 13),
('2024-06-06', '2024-06-24', 50, 11),
('2025-01-04', '2025-01-12', 12, 1),
('2024-11-11', '2024-11-25', 47, 9),
('2024-04-14', '2024-04-23', 12, 6),
('2025-03-17', '2025-03-31', 66, 14),
('2024-04-15', '2024-04-22', 12, 12),
('2025-07-21', '2025-07-29', 42, 13),
('2024-01-13', '2024-01-24', 53, 13),
('2024-03-27', '2024-04-14', 32, 6),
('2025-01-24', '2025-02-02', 18, 9),
('2024-11-04', '2024-11-15', 64, 5),
('2024-03-05', '2024-03-14', 56, 9),
('2025-03-07', '2025-03-18', 62, 3),
('2025-01-04', '2025-01-15', 32, 16),
('2025-08-31', '2025-09-16', 26, 15),
('2024-04-19', '2024-04-28', 39, 1),
('2025-02-09', '2025-02-21', 49, 11),
('2025-03-26', '2025-04-07', 56, 5),
('2024-11-03', '2024-11-15', 26, 16),
('2024-11-17', '2024-11-26', 51, 11),
('2024-10-25', '2024-11-12', 63, 8),
('2024-11-29', '2024-12-12', 36, 13),
('2025-01-08', '2025-01-16', 26, 6),
('2025-07-17', '2025-07-24', 60, 7),
('2025-03-24', '2025-04-12', 38, 3),
('2025-02-22', '2025-03-11', 64, 5),
('2024-11-06', '2024-11-16', 33, 5),
('2025-03-09', '2025-03-28', 49, 3),
('2025-04-04', '2025-04-20', 62, 13),
('2025-07-01', '2025-07-16', 54, 2),
('2025-01-03', '2025-01-21', 11, 4),
('2024-09-11', '2024-09-28', 46, 6),
('2025-09-19', '2025-09-26', 52, 11),
('2025-03-16', '2025-03-24', 2, 4),
('2024-09-21', '2024-10-01', 66, 8),
('2025-04-01', '2025-04-13', 51, 15),
('2025-08-25', '2025-09-12', 65, 5),
('2024-12-19', '2024-12-26', 62, 4),
('2024-10-29', '2024-11-11', 11, 4),
('2024-05-25', '2024-06-06', 40, 11),
('2025-04-11', '2025-04-30', 27, 16),
('2024-12-22', '2025-01-05', 13, 15),
('2025-04-08', '2025-04-20', 9, 10),
('2024-02-15', '2024-03-05', 15, 1),
('2024-12-17', '2025-01-03', 14, 6),
('2024-09-06', '2024-09-21', 23, 6),
('2024-12-04', '2024-12-19', 55, 15),
('2024-08-25', '2024-09-13', 52, 6),
('2024-07-09', '2024-07-26', 56, 13),
('2024-01-30', '2024-02-17', 26, 15),
('2025-08-29', '2025-09-11', 50, 1),
('2024-08-07', '2024-08-17', 36, 3),
('2025-08-14', '2025-08-22', 24, 12),
('2024-11-29', '2024-12-09', 59, 4),
('2024-09-25', '2024-10-12', 63, 11),
('2025-09-03', '2025-09-16', 51, 4),
('2024-12-22', '2025-01-03', 59, 6),
('2024-10-31', '2024-11-21', 11, 5),
('2024-11-16', '2024-11-24', 31, 10),
('2024-04-29', '2024-05-08', 48, 5),
('2025-06-07', '2025-06-20', 54, 5),
('2025-08-11', '2025-08-24', 55, 6),
('2025-05-13', '2025-05-30', 23, 6),
('2025-05-16', '2025-05-27', 18, 6),
('2024-11-18', '2024-12-08', 58, 2),
('2025-01-02', '2025-01-09', 63, 5),
('2024-07-18', '2024-08-07', 50, 16),
('2025-02-22', '2025-03-11', 63, 14),
('2025-03-30', '2025-04-13', 22, 3),
('2025-08-01', '2025-08-08', 29, 10),
('2024-02-03', '2024-02-14', 29, 10),
('2024-06-21', '2024-07-10', 59, 16),
('2025-07-16', '2025-07-31', 15, 4),
('2024-10-01', '2024-10-20', 47, 2),
('2025-03-27', '2025-04-11', 28, 14),
('2024-04-14', '2024-05-02', 32, 10),
('2024-02-03', '2024-02-17', 34, 12),
('2024-03-30', '2024-04-13', 16, 8),
('2024-08-02', '2024-08-21', 45, 14),
('2024-06-18', '2024-07-04', 18, 7),
('2024-07-30', '2024-08-18', 8, 12),
('2025-06-29', '2025-07-10', 22, 11),
('2024-10-26', '2024-11-06', 35, 4),
('2024-05-18', '2024-06-06', 53, 2),
('2024-10-10', '2024-10-30', 17, 5),
('2024-09-12', '2024-09-21', 42, 8),
('2025-02-06', '2025-02-20', 19, 9),
('2025-02-28', '2025-03-13', 58, 3);

-- Loan Details (bulk)
INSERT INTO tblLoanDetail (tblLoanSlipLoanId, tblDocumentDocumentId)
VALUES
(15, 24),
(15, 104),
(15, 132),
(16, 72),
(16, 95),
(16, 117),
(17, 84),
(17, 1),
(18, 24),
(18, 118),
(18, 92),
(19, 102),
(20, 110),
(21, 127),
(22, 83),
(22, 73),
(23, 34),
(23, 125),
(24, 13),
(24, 12),
(25, 118),
(26, 32),
(27, 113),
(28, 1),
(28, 110),
(29, 34),
(30, 78),
(30, 41),
(30, 71),
(31, 93),
(32, 22),
(32, 96),
(33, 43),
(33, 14),
(33, 102),
(34, 79),
(34, 60),
(34, 110),
(35, 24),
(35, 25),
(35, 1),
(36, 123),
(37, 34),
(38, 58),
(38, 133),
(38, 114),
(39, 3),
(40, 88),
(40, 31),
(40, 109),
(41, 34),
(41, 123),
(41, 19),
(42, 99),
(43, 27),
(44, 81),
(45, 77),
(45, 36),
(46, 35),
(46, 37),
(47, 3),
(48, 43),
(48, 113),
(48, 90),
(49, 55),
(49, 39),
(49, 106),
(50, 114),
(50, 56),
(50, 23),
(51, 36),
(52, 99),
(53, 110),
(53, 81),
(54, 64),
(55, 22),
(55, 64),
(56, 73),
(56, 7),
(56, 78),
(57, 133),
(58, 131),
(58, 49),
(58, 101),
(59, 14),
(59, 62),
(60, 99),
(60, 29),
(61, 128),
(62, 19),
(62, 4),
(62, 93),
(63, 34),
(63, 100),
(64, 108),
(64, 94),
(64, 45),
(65, 19),
(65, 5),
(66, 18),
(66, 4),
(66, 68),
(67, 11),
(68, 102),
(69, 74),
(69, 129),
(69, 107),
(70, 103),
(70, 22),
(71, 40),
(71, 72),
(71, 22),
(72, 21),
(72, 131),
(73, 40),
(74, 84),
(74, 101),
(74, 17),
(75, 112),
(75, 62),
(76, 63),
(77, 112),
(78, 117),
(79, 15),
(79, 80),
(79, 45),
(80, 4),
(81, 36),
(81, 3),
(81, 42),
(82, 89),
(82, 134),
(83, 67),
(83, 43),
(83, 96),
(84, 69),
(85, 31),
(85, 8),
(85, 86),
(86, 70),
(86, 17),
(87, 20),
(87, 128),
(88, 131),
(88, 93),
(89, 128),
(90, 43),
(90, 95),
(90, 41),
(91, 27),
(91, 30),
(92, 131),
(93, 12),
(94, 63),
(95, 121),
(96, 99),
(96, 39),
(97, 10),
(98, 108),
(98, 58),
(98, 83),
(99, 107),
(100, 82),
(100, 70),
(100, 20),
(101, 96),
(101, 31),
(101, 129),
(102, 14),
(102, 46),
(102, 58),
(103, 12),
(103, 103),
(103, 18),
(104, 73),
(104, 80),
(105, 23),
(105, 117),
(106, 95),
(107, 75),
(108, 78),
(108, 63),
(108, 119),
(109, 127),
(109, 51),
(110, 63),
(110, 39),
(110, 2),
(111, 7),
(111, 60),
(112, 89),
(112, 3),
(112, 86),
(113, 97),
(114, 79),
(114, 27),
(114, 53),
(115, 61),
(115, 108),
(115, 126),
(116, 37),
(117, 72),
(117, 24),
(117, 12),
(118, 134),
(119, 96),
(119, 118),
(120, 22),
(120, 25),
(120, 130),
(121, 101),
(122, 16),
(123, 34),
(123, 61),
(124, 67),
(124, 81),
(125, 84),
(125, 82),
(126, 70),
(126, 60),
(127, 52),
(128, 28),
(129, 28),
(130, 116),
(131, 81),
(131, 105),
(132, 92),
(133, 116),
(134, 119),
(134, 68),
(135, 24),
(136, 78),
(137, 11),
(137, 56),
(137, 84),
(138, 24),
(139, 64),
(139, 92),
(139, 102),
(140, 13),
(140, 77),
(140, 67),
(141, 8),
(142, 116),
(142, 64),
(143, 119),
(144, 36),
(145, 4),
(146, 57),
(147, 51),
(148, 96),
(148, 22),
(149, 67),
(149, 20),
(149, 6),
(150, 51),
(151, 114),
(151, 33),
(151, 24),
(152, 32),
(152, 11),
(153, 13),
(153, 44),
(154, 111),
(154, 102),
(154, 128),
(155, 98),
(156, 110),
(156, 45),
(156, 91),
(157, 48),
(158, 72),
(158, 115),
(159, 9),
(160, 63),
(160, 76),
(160, 128),
(161, 123),
(161, 16),
(162, 72),
(163, 36),
(163, 108),
(164, 64),
(165, 5),
(165, 98),
(165, 92),
(166, 125),
(166, 89),
(167, 129),
(167, 83),
(167, 100),
(168, 47),
(168, 7),
(169, 57),
(169, 8),
(170, 15),
(170, 121),
(171, 92),
(171, 60),
(171, 41),
(172, 64),
(173, 62),
(173, 69),
(173, 15),
(174, 100),
(175, 45),
(175, 46),
(176, 82),
(177, 92),
(177, 8),
(177, 91),
(178, 37),
(178, 49),
(178, 127),
(179, 80),
(179, 45),
(179, 126),
(180, 24),
(181, 60),
(182, 57),
(182, 6),
(182, 123),
(183, 85),
(184, 52),
(184, 34),
(184, 88),
(185, 46),
(185, 83),
(185, 16),
(186, 38),
(187, 37),
(187, 29),
(187, 94),
(188, 96),
(189, 102),
(189, 26),
(189, 87),
(190, 83),
(190, 35),
(191, 112),
(192, 125),
(192, 82),
(192, 45),
(193, 92),
(193, 58),
(193, 45),
(194, 79),
(194, 76),
(195, 46),
(196, 1),
(196, 101),
(196, 9),
(197, 82),
(198, 57),
(198, 27),
(198, 128),
(199, 85),
(200, 20),
(200, 61),
(200, 89),
(201, 43),
(201, 23),
(202, 86),
(202, 115),
(202, 3),
(203, 54),
(203, 64),
(204, 18),
(204, 90),
(204, 66),
(205, 1),
(206, 99),
(207, 108),
(207, 43),
(208, 127),
(208, 97),
(209, 97),
(209, 26),
(210, 58),
(210, 42),
(211, 19),
(211, 9),
(212, 6),
(212, 82),
(213, 27),
(213, 19),
(214, 44),
(214, 97),
(215, 20),
(216, 24),
(216, 87),
(216, 124),
(217, 8),
(217, 111),
(217, 43),
(218, 112),
(218, 41),
(218, 14),
(219, 85),
(220, 49),
(221, 68),
(221, 73),
(222, 61),
(222, 25),
(223, 101),
(224, 126),
(224, 40),
(224, 14),
(225, 1),
(225, 110),
(226, 76),
(227, 123),
(227, 52),
(227, 25),
(228, 53),
(229, 75),
(230, 122),
(231, 79),
(232, 121),
(232, 126),
(233, 68),
(233, 24),
(233, 100),
(234, 95),
(235, 95),
(235, 48),
(236, 12),
(236, 68),
(237, 120),
(237, 68),
(238, 69),
(239, 16),
(239, 39),
(239, 25),
(240, 89),
(241, 106),
(241, 59),
(241, 16),
(242, 134),
(242, 108),
(243, 122),
(243, 61),
(243, 77),
(244, 102),
(245, 9),
(245, 129),
(245, 133),
(246, 38),
(246, 31),
(246, 115),
(247, 43),
(248, 50),
(249, 11),
(250, 21),
(250, 112),
(251, 38),
(252, 67),
(252, 82),
(252, 18),
(253, 100),
(254, 102),
(254, 84),
(254, 71);

-- Return Slips (bulk)
INSERT INTO tblReturnSlip (returnDate, tblReaderReaderId, tblStaffStaffId)
VALUES
('2024-01-20', 54, 4),
('2025-08-26', 13, 4),
('2025-05-19', 61, 2),
('2025-10-02', 52, 2),
('2025-05-08', 35, 12),
('2024-10-21', 63, 4),
('2025-04-05', 42, 9),
('2025-02-27', 63, 12),
('2025-06-09', 52, 5),
('2024-07-31', 8, 8),
('2025-01-11', 26, 9),
('2024-05-13', 4, 8),
('2025-05-07', 45, 12),
('2024-10-25', 4, 13),
('2024-08-21', 29, 7),
('2024-01-17', 61, 5),
('2025-09-21', 40, 9),
('2024-08-18', 60, 10),
('2025-01-25', 37, 10),
('2024-10-17', 42, 9),
('2024-09-10', 8, 13),
('2024-11-05', 34, 14),
('2025-08-15', 25, 11),
('2025-06-10', 39, 6),
('2024-05-18', 34, 6),
('2024-11-17', 54, 11),
('2024-05-07', 61, 2),
('2025-02-01', 39, 14),
('2024-07-31', 44, 14),
('2024-03-30', 63, 11),
('2024-01-12', 58, 9),
('2024-06-18', 63, 3),
('2025-02-24', 55, 16),
('2025-01-24', 2, 11),
('2025-10-10', 32, 8),
('2025-06-06', 40, 6),
('2024-10-31', 59, 11),
('2024-07-18', 22, 13),
('2024-05-21', 28, 1),
('2024-02-15', 49, 9),
('2024-01-28', 7, 4),
('2024-09-22', 61, 5),
('2024-04-20', 35, 5),
('2024-05-03', 14, 16),
('2025-03-02', 38, 6),
('2025-05-14', 43, 8),
('2024-04-30', 64, 5),
('2024-04-20', 33, 8),
('2024-04-19', 23, 2),
('2024-05-05', 13, 2),
('2024-06-30', 43, 12),
('2024-12-23', 24, 4),
('2025-02-05', 62, 14),
('2024-03-08', 21, 4),
('2025-01-30', 46, 1),
('2025-03-04', 57, 2),
('2024-01-20', 29, 11),
('2024-09-18', 62, 12),
('2024-06-16', 65, 16),
('2024-12-11', 36, 2),
('2024-09-04', 11, 15),
('2024-05-08', 64, 1),
('2025-07-31', 1, 3),
('2025-04-19', 44, 12),
('2025-10-03', 61, 12),
('2024-12-22', 46, 10),
('2025-03-02', 14, 9),
('2025-02-13', 28, 15),
('2025-03-07', 6, 4),
('2025-06-01', 1, 2),
('2024-07-03', 17, 4),
('2025-09-22', 32, 9),
('2024-05-23', 18, 14),
('2025-10-08', 38, 12),
('2024-12-03', 15, 12),
('2024-01-21', 14, 1),
('2024-07-30', 35, 6),
('2024-11-05', 27, 2),
('2025-08-05', 29, 13),
('2024-02-25', 49, 13),
('2024-09-21', 26, 15),
('2025-09-16', 26, 7),
('2024-07-03', 66, 4),
('2024-10-04', 17, 6),
('2024-06-14', 6, 5),
('2025-08-16', 46, 3),
('2025-06-08', 21, 14),
('2024-08-13', 43, 11),
('2025-05-08', 2, 4),
('2025-10-05', 32, 2),
('2025-07-14', 37, 1),
('2024-02-21', 38, 7),
('2025-07-11', 1, 3),
('2024-04-23', 27, 14),
('2024-12-12', 5, 3),
('2024-09-21', 10, 8),
('2025-02-25', 56, 11),
('2025-07-08', 1, 3),
('2025-06-05', 14, 10),
('2025-02-15', 4, 16),
('2025-02-11', 38, 5),
('2025-07-29', 19, 4),
('2025-02-14', 11, 10),
('2025-06-15', 19, 6),
('2024-09-22', 25, 4),
('2025-07-23', 10, 10),
('2025-08-24', 63, 11),
('2025-10-03', 9, 7),
('2024-11-16', 20, 12),
('2024-09-16', 29, 14),
('2024-12-12', 62, 15),
('2024-04-28', 23, 3),
('2025-10-10', 10, 3),
('2025-08-25', 52, 7),
('2025-07-13', 61, 5),
('2024-10-31', 18, 15),
('2024-01-18', 31, 6),
('2025-08-09', 19, 16),
('2024-10-04', 48, 8),
('2025-01-11', 50, 16),
('2025-06-24', 36, 9),
('2025-01-16', 10, 9),
('2024-12-26', 63, 16),
('2024-08-30', 10, 9),
('2025-01-12', 16, 8),
('2025-05-12', 62, 7),
('2024-02-21', 17, 6),
('2025-08-16', 19, 2),
('2025-02-26', 3, 10),
('2025-05-04', 62, 6),
('2025-08-26', 24, 9),
('2024-03-18', 30, 13),
('2025-06-26', 65, 14),
('2025-09-28', 5, 4),
('2025-09-16', 1, 14),
('2025-03-22', 30, 16),
('2024-09-24', 62, 8),
('2025-07-17', 53, 9),
('2024-05-07', 1, 13),
('2024-04-26', 20, 14),
('2025-09-25', 36, 13),
('2025-07-31', 62, 6),
('2025-02-18', 18, 4),
('2025-06-11', 52, 11),
('2024-01-13', 12, 5),
('2024-08-22', 48, 3),
('2025-06-24', 37, 2),
('2024-08-01', 37, 7),
('2024-09-01', 22, 2),
('2024-10-16', 52, 12),
('2024-03-18', 12, 10),
('2024-07-25', 59, 13),
('2025-06-09', 14, 3),
('2025-04-05', 49, 16),
('2025-04-23', 4, 16),
('2024-08-20', 30, 11),
('2024-10-03', 32, 10),
('2024-12-23', 10, 6),
('2025-08-17', 35, 6),
('2024-09-11', 34, 7),
('2024-04-26', 16, 3),
('2024-11-25', 64, 9),
('2024-08-22', 17, 2),
('2025-02-14', 23, 15),
('2024-01-16', 2, 7),
('2024-09-29', 24, 9),
('2025-09-26', 44, 12),
('2025-03-12', 48, 12),
('2024-05-21', 30, 4),
('2024-06-09', 61, 1),
('2025-10-14', 41, 16),
('2024-06-23', 8, 7),
('2024-12-15', 34, 12),
('2024-05-11', 45, 7),
('2025-06-13', 63, 15),
('2025-04-26', 19, 6);
INSERT INTO tblReturnSlipDetail (tblReturnSlipReturnSlipId, tblDocumentDocumentId)
VALUES
(6, 39),
(6, 38),
(7, 74),
(8, 71),
(9, 85),
(9, 61),
(10, 87),
(11, 35),
(12, 23),
(12, 49),
(13, 132),
(14, 45),
(15, 117),
(16, 119),
(16, 130),
(17, 126),
(17, 115),
(18, 67),
(19, 42),
(20, 105),
(20, 132),
(21, 3),
(22, 97),
(22, 90),
(23, 27),
(23, 2),
(24, 124),
(25, 77),
(25, 49),
(26, 36),
(26, 7),
(27, 100),
(27, 10),
(28, 122),
(29, 76),
(30, 23),
(30, 57),
(31, 67),
(31, 76),
(32, 121),
(33, 39),
(34, 37),
(34, 81),
(35, 81),
(36, 44),
(37, 112),
(38, 2),
(38, 10),
(39, 5),
(40, 80),
(40, 34),
(41, 12),
(42, 35),
(42, 88),
(43, 59),
(44, 32),
(45, 13),
(46, 114),
(46, 98),
(47, 3),
(48, 27),
(48, 131),
(49, 52),
(50, 128),
(51, 4),
(52, 131),
(53, 76),
(53, 68),
(54, 93),
(54, 81),
(55, 36),
(56, 69),
(56, 24),
(57, 103),
(57, 117),
(58, 29),
(59, 124),
(59, 113),
(60, 124),
(61, 67),
(62, 111),
(63, 39),
(63, 14),
(64, 43),
(64, 20),
(65, 97),
(66, 115),
(66, 23),
(67, 104),
(68, 131),
(68, 53),
(69, 58),
(70, 30),
(70, 25),
(71, 28),
(71, 12),
(72, 49),
(73, 87),
(74, 118),
(74, 130),
(75, 124),
(75, 131),
(76, 83),
(76, 130),
(77, 88),
(77, 76),
(78, 81),
(78, 56),
(79, 46),
(80, 107),
(80, 74),
(81, 38),
(81, 14),
(82, 65),
(82, 38),
(83, 116),
(83, 27),
(84, 131),
(85, 81),
(85, 14),
(86, 95),
(87, 115),
(87, 46),
(88, 11),
(88, 110),
(89, 2),
(89, 85),
(90, 14),
(90, 78),
(91, 57),
(91, 48),
(92, 24),
(92, 90),
(93, 76),
(93, 56),
(94, 115),
(94, 62),
(95, 98),
(95, 30),
(96, 132),
(96, 131),
(97, 132),
(97, 22),
(98, 55),
(99, 40),
(100, 14),
(101, 105),
(101, 100),
(102, 100),
(103, 19),
(104, 23),
(104, 73),
(105, 57),
(106, 96),
(106, 3),
(107, 2),
(108, 89),
(109, 57),
(110, 14),
(111, 65),
(112, 33),
(112, 61),
(113, 125),
(113, 116),
(114, 110),
(114, 44),
(115, 93),
(115, 35),
(116, 92),
(116, 79),
(117, 36),
(117, 51),
(118, 130),
(119, 67),
(120, 101),
(120, 58),
(121, 102),
(122, 115),
(123, 11),
(123, 57),
(124, 53),
(125, 12),
(125, 11),
(126, 97),
(127, 58),
(127, 133),
(128, 129),
(129, 39),
(130, 85),
(130, 30),
(131, 106),
(132, 132),
(133, 67),
(134, 56),
(135, 106),
(136, 88),
(137, 34),
(137, 28),
(138, 25),
(139, 124),
(140, 95),
(140, 12),
(141, 90),
(141, 26),
(142, 73),
(143, 2),
(144, 81),
(145, 67),
(145, 109),
(146, 106),
(147, 124),
(147, 65),
(148, 115),
(149, 42),
(150, 112),
(150, 23),
(151, 99),
(152, 127),
(153, 131),
(154, 62),
(154, 1),
(155, 104),
(155, 52),
(156, 89),
(156, 71),
(157, 67),
(158, 88),
(158, 30),
(159, 87),
(160, 67),
(161, 91),
(161, 133),
(162, 103),
(163, 81),
(163, 91),
(164, 128),
(165, 52),
(166, 2),
(166, 11),
(167, 47),
(167, 131),
(168, 123),
(168, 9),
(169, 133),
(170, 26),
(170, 84),
(171, 69),
(172, 128),
(173, 72),
(173, 116),
(174, 61),
(174, 111),
(175, 108),
(176, 65),
(176, 13),
(177, 122),
(177, 25),
(178, 66),
(178, 89),
(179, 73),
(180, 98),
(181, 108),
(181, 104);

-- Invoices (bulk)
INSERT INTO tblInvoice (amount, importDate, tblStaffStaffId, tblSupplierSupplierId)
VALUES
(600000, '2024-12-17', 8, 6),
(4860000, '2024-10-04', 15, 13),
(3000000, '2024-01-24', 5, 12),
(1600000, '2024-04-07', 3, 15),
(800000, '2024-04-16', 9, 10),
(1400000, '2024-08-22', 8, 12),
(3000000, '2025-06-23', 6, 1),
(7000000, '2025-07-15', 15, 3),
(3600000, '2024-04-01', 15, 5),
(1080000, '2024-01-01', 5, 6),
(6000000, '2025-05-03', 10, 1),
(3600000, '2025-02-08', 8, 3),
(1440000, '2025-03-08', 8, 9),
(8100000, '2024-07-11', 3, 3),
(7500000, '2024-07-11', 11, 1),
(1680000, '2024-10-02', 5, 12),
(1200000, '2024-01-16', 16, 4),
(4800000, '2025-04-19', 2, 6),
(2400000, '2025-07-10', 16, 3),
(720000, '2025-01-29', 15, 4),
(1600000, '2025-06-17', 7, 8),
(1350000, '2025-07-16', 4, 5),
(2160000, '2024-04-25', 8, 11),
(1440000, '2025-02-09', 8, 1),
(6000000, '2024-04-01', 8, 3),
(1800000, '2024-05-08', 16, 4),
(2160000, '2025-01-01', 5, 5),
(7000000, '2025-07-09', 16, 4),
(3750000, '2024-03-11', 5, 8),
(4320000, '2024-07-08', 1, 10),
(6000000, '2025-06-20', 16, 13),
(480000, '2024-02-14', 5, 3),
(2400000, '2024-07-15', 4, 1),
(8750000, '2024-02-20', 12, 4),
(3840000, '2025-07-25', 14, 14),
(720000, '2024-08-09', 4, 2),
(6000000, '2024-07-16', 8, 10),
(2400000, '2024-07-03', 13, 9),
(6000000, '2025-01-15', 14, 13),
(7500000, '2025-01-19', 9, 6),
(2250000, '2025-06-14', 5, 15),
(2400000, '2024-01-23', 9, 15),
(1200000, '2024-12-30', 5, 3),
(4500000, '2024-08-26', 9, 13),
(3000000, '2024-11-28', 16, 3),
(960000, '2024-12-22', 14, 7),
(1500000, '2025-01-26', 2, 5),
(6250000, '2024-11-30', 8, 3),
(2800000, '2025-02-07', 5, 3),
(3000000, '2025-07-15', 13, 5),
(3000000, '2025-07-26', 7, 8),
(7500000, '2024-09-05', 3, 5),
(5760000, '2024-07-14', 11, 6),
(5000000, '2025-03-27', 2, 15),
(720000, '2025-09-27', 5, 14),
(720000, '2024-11-08', 15, 8),
(2700000, '2024-07-27', 9, 9),
(3000000, '2024-09-18', 6, 1),
(1920000, '2025-02-01', 9, 11),
(5400000, '2025-06-04', 4, 15);
INSERT INTO tblInvoiceDetail (tblInvoiceInvoiceId, tblDocumentDocumentId)
VALUES
(6, 82),
(7, 93),
(7, 134),
(7, 116),
(8, 61),
(8, 65),
(8, 21),
(8, 54),
(9, 122),
(9, 14),
(10, 40),
(11, 73),
(12, 9),
(12, 92),
(12, 84),
(12, 122),
(13, 46),
(13, 117),
(13, 112),
(13, 80),
(14, 94),
(14, 106),
(14, 67),
(15, 74),
(15, 121),
(16, 111),
(16, 75),
(16, 60),
(16, 2),
(16, 96),
(17, 100),
(17, 97),
(18, 70),
(18, 73),
(19, 35),
(19, 75),
(19, 29),
(19, 117),
(19, 116),
(20, 39),
(20, 13),
(20, 6),
(21, 113),
(21, 3),
(22, 88),
(22, 108),
(23, 21),
(23, 38),
(23, 15),
(24, 50),
(24, 65),
(24, 98),
(25, 9),
(26, 100),
(26, 80),
(27, 124),
(27, 77),
(27, 51),
(28, 112),
(28, 84),
(28, 4),
(29, 11),
(29, 122),
(30, 128),
(30, 24),
(30, 87),
(30, 16),
(30, 16),
(31, 82),
(31, 89),
(31, 113),
(32, 11),
(32, 125),
(33, 48),
(33, 90),
(33, 83),
(33, 120),
(34, 76),
(34, 68),
(34, 94),
(35, 94),
(35, 62),
(35, 83),
(35, 17),
(36, 40),
(36, 73),
(36, 83),
(36, 105),
(36, 83),
(37, 9),
(38, 100),
(38, 126),
(39, 19),
(39, 4),
(39, 54),
(39, 126),
(39, 21),
(40, 95),
(40, 15),
(40, 69),
(40, 11),
(41, 60),
(42, 46),
(42, 107),
(42, 28),
(42, 92),
(42, 118),
(43, 87),
(43, 41),
(43, 114),
(43, 91),
(44, 111),
(44, 83),
(44, 62),
(45, 116),
(45, 115),
(45, 102),
(45, 1),
(45, 9),
(46, 78),
(46, 2),
(46, 77),
(47, 131),
(47, 40),
(48, 68),
(49, 77),
(49, 24),
(49, 103),
(50, 125),
(50, 25),
(50, 77),
(50, 10),
(50, 98),
(51, 31),
(52, 11),
(52, 82),
(53, 13),
(53, 101),
(53, 115),
(53, 130),
(53, 24),
(54, 87),
(54, 22),
(55, 22),
(55, 103),
(55, 129),
(55, 112),
(56, 102),
(56, 51),
(57, 111),
(57, 83),
(57, 23),
(57, 29),
(57, 106),
(58, 7),
(58, 79),
(58, 44),
(58, 90),
(59, 60),
(59, 52),
(59, 96),
(59, 40),
(59, 22),
(60, 74),
(61, 6),
(62, 124),
(62, 37),
(62, 5),
(63, 73),
(63, 52),
(63, 70),
(63, 14),
(64, 93),
(64, 28),
(64, 5),
(64, 75),
(65, 81),
(65, 125),
(65, 23),
(65, 48);
